"DIFFICULTY: (E, M, or H)",billComment,bobbiComment,rubyComment,answerCount,t1,t2,t3,t4,t5,t6,t7,t8,t9,t10,answer
E,Have any plans this weekend?,It's been weeks since I've mowed the lawn...,Did you guys notice that my hair is a little shorter?,3,C,U,T,F,R,O,U,V,Z,H,CUT
E,What did you think about it?,The smell reminded me of a trout out of water on a hot July day.,I watched Shark Week last night!!!  Have either of you seen that show?,4,F,I,S,H,Y,D,E,L,P,A,FISH
E,How about that weather?,One minute ago it was raining and now you can't even tell!  There's no water on the ground!,Do you have any lotion?  My elbows are so scratchy and dehydrated!,3,D,R,Y,F,L,A,K,E,S,P,DRY
E,How much were your commissions last month?,I made enough to make an extra mortgage payment!,"Yesterday, I got a letter in the mail saying that they are going to impound my car!",5,B,I,L,L,S,A,H,P,D,E,BILLS
M,When is that fair they're having?,I hear it's just going to be a bunch of clowns all painted up.,Did you guys see my new fire-truck-red lipstick?,6,M,A,K,E,U,P,C,S,T,F,MAKEUP
E,Are you going to the party tonight?,When is it supposed to start? I plan on going at seven.,I just held my breath for 43 seconds!,4,T,I,M,E,T,R,H,N,G,O,TIME
E,Can you smell that?,"Ya, it smells like wet fur...",I have an extra Jumbo Frank if you guys are hungry!,3,D,O,G,H,P,L,N,M,I,M,DOG
M,Can you believe that?!,I suppose.  But he didn't really run that fast.  It was more the distance that was impressive!!,"Maybe if we re-trace all of my steps, it'll help my memory.  I don't know where I left my keys...",3,J,O,G,B,L,I,P,C,A,E,JOG
M,How's the family?,They're doing awesome!  We just got a new little puppy!  He's a golden retriever.,Did one of you two flirts stroke my shoulder when you walked by? ,3,P,E,T,C,A,M,T,U,O,F,PET
E,What's your plan?,"Well I've never been robbed before, I wonder who did it.",Have either of you seen the picture of my adorable cat?  He has completely stolen my heart.,5,T,H,I,E,F,E,L,R,W,S,THIEF
E,Do you have any other options?,"I guess I could get someone to teach me how to work out.  It's just been so long, you know?",Hey that reminds me!  Do you know the address of the new Railway Station going up in Old Town?,5,T,R,A,I,N,C,H,O,G,S,TRAIN
H,What did you think about it?,I didn't really like the cheesy ending where the cowboys rode off into the sunset.,I bought a Kentucky Derby hat last night!,5,H,O,R,S,E,A,N,S,C,T,HORSE
M,What's with the weird look?,Do you hear that low rumbling sound?,You guys want to hear how high my voice can go?,5,P,I,T,C,H,S,M,T,Y,G,PITCH
E,Do you have any idea why?,I think his wife just wants him to shave his back...,Oh ya!  Do either of you need to borrow my lint roller?  I have it because I have cats...,5,H,A,I,R,Y,F,U,L,S,C,HAIRY
M,What have you decided?,I think I'm going to chuck the whole thing.  It was really nasty!,"Hey, can you toss me that stapler?",5,T,H,R,O,W,T,O,R,S,P,THROW
E,Where are you going for lunch?,"Anywhere to break up the monotony of this lame job!  Seriously, though, anywhere is good.","I couldn't find anything to do, so I decided to just sit over there and stare out the window.",7,B,O,R,E,D,O,M,Y,N,N,BOREDOM
E,Are you going to let them get away with this?,"I just don't care that much.  If he needs a baseball mitt that badly, he can just keep it.","Hey guys, my hands are freezing.  Do you have anything to warm them up?",5,G,L,O,V,E,H,A,T,R,N,GLOVE
E,Can I tell you something?,"Let me guess, your entire family is a bunch of loggers?  I could tell by all their missing fingers!",I was staining my coffee table the other day and the cat started playing on it while it was wet.,4,W,O,O,D,L,U,M,B,E,R,WOOD
M,Is that new? ,It's the new mix tape CD that I made. ,Do you guys want some of my popcorn?  I may have overcooked it a bit.,6,B,U,R,N,E,D,S,M,A,O,BURNED
E,What's stopping you?,I haven't eaten yet this morning.  I'm starving!,I went to the swankiest dinner party 4 years ago.  Let me tell you all about it...,4,M,E,A,L,P,W,O,D,S,T,MEAL
H,Is it balmy in here or is it just me?,Yes!  See how sticky my hands are?!,Can I show you an instance where my computer is doing that weird thing I was talking about. ,7,E,X,A,M,P,L,E,S,T,R,EXAMPLE
M,What's with the weird look?,I'm worried that I have hypochondria.,My uncle hates small spaces.  One time when...,8,D,I,S,O,R,D,E,R,S,E,DISORDER
E,What is it?,I'm really digging that new album you showed me.,One time when I was walking downtown there was a guy playing empty buckets like drums.,5,M,U,S,I,C,L,Y,R,H,E,MUSIC
M,Can you smell that?,Ya!  That smells awful!,I am having a terrible day!,3,B,A,D,S,T,T,E,N,R,P,BAD
M,Did you pass the test??,I don't think so.  My prescription needs to be updated.  I had a hard time seeing the questions.,Check out these new collectible cups I found at the thrift store!,7,G,L,A,S,S,E,S,P,C,I,GLASSES
M,Can I ask you for a favor?,Let me guess...your parents need a place to stay when they come to town?,I'm headed to see my boyfriend in jail.  Do you think they'll let me bring him baked goods?,5,V,I,S,I,T,M,E,K,N,T,VISIT
E,Why do you say that?,Just stop being such a square!,So do you guys think my new boyfriend sounds well rounded?,6,S,H,A,P,E,S,T,C,W,E,SHAPES
M,Tell me what you would do then...,I can't remember what we were talking about.  Sorry!  I just got distracted...,"Hey, you guys didn't tell me you were going to lunch like I asked!  Why didn't you tell me?",6,F,O,R,G,E,T,L,I,S,N,FORGET
M,Do you have any other options?,I guess I could not show up to work.  That seems to be the only realistic option.,My mind is so spacey.  Did I already tell you guys about my 60's costume party this Friday?,6,A,B,S,E,N,T,V,M,C,P,ABSENT
M,What was your favorite part?,At the dentist?  I suppose the feeling of not having all that gunk on my teeth once we were done.,My name is finally etched into that wall hanging out front!  I've been here for 10 years?!,6,P,L,A,Q,U,E,T,R,B,O,PLAQUE
E,Can you believe she said that?,I'm not sure.  My Spanish is a little rusty.  Didn't she move here from Mexico a few months ago?,My favorite cartoon is that little green Martian guy who zaps people.   He's so funny!,5,A,L,I,E,N,S,T,D,N,N,ALIEN
M,"Wow, that's mean!",She never understands what I'm saying.  She knows nothing!,Our boss is so dense!  I can't seem to get it through his thick head that I need a pay raise!,6,O,B,T,U,S,E,D,M,R,N,OBTUSE
E,I can't wait for this Friday!!!,I can!  I'm dreading having to meet the CEO!,I thought they cancelled my favorite game show!  That gave me quite the fright...,6,S,C,A,R,E,D,S,M,B,A,SCARED
E,Say that again...,I said that I want to join the intramural basketball team this year.  Are you still going to play?,My boyfriend's old platoon from the military got together and had a BBQ last night.  Great guys...,5,S,Q,U,A,D,I,E,E,M,C,SQUAD
M,Do you like to party?,I love a good club scene where the throbbing bass is so intense that you can feel it in your chest.,I'm going to smack you two knuckleheads upside the head if you keep taking my stapler!,5,T,H,U,M,P,I,S,J,A,V,THUMP
E,Have any plans this weekend?,I'm probably going to just eat junk and watch some football.,Did you guys know that I met Michael Jordan when he was in college?,6,S,P,O,R,T,S,F,E,A,L,SPORTS
E,What did you think about it?,The guy who played The Hulk was such a typecast!,I was watching WWE the other night and you guys will never guess what happened...,6,M,U,S,C,L,E,H,O,W,V,MUSCLE
E,Did you catch that myth busting show last night?,No.  I went home and went right to sleep.  I was wiped.,I have 3 futons.,3,B,E,D,P,O,A,S,S,H,V,BED
M,Why are you so happy?,I'm just glad we're getting that increase in salary that we've been waiting for.,"Last night, during the poker game, the gamblers kept increasing their bet every time after I bet.",5,R,A,I,S,E,L,A,F,T,L,RAISE
H,I've been thinking about getting a different job...,Don't let the door hit you on your way out!  Haha.  Just kidding...there's a door stopper.,Do you guys want a slice of watermelon?  I have a whole melon here and can't eat it all.,5,W,E,D,G,E,S,L,C,Y,N,WEDGE
M,You're late...,"Ya.  I tried to stay in the car to wait out the rain, but the downpour never did stop.","If we have a tornado, do you know where we should hide?",7,S,H,E,L,T,E,R,I,W,N,SHELTER
M,Do you mind if I take off my shoes?,"What, so I have to smell that foul, awful stench?  No way!!","On my way to work this morning, I saw the most disgusting road kill on the side of the road...",8,W,R,E,T,C,H,E,D,B,E,WRETCHED
E,Do you play video games online?,Of course!  Play me and I'll make you go crying to your mommy.,Did you guys hear me sniveling over here?  I just banged my shin on my desk!,7,W,H,I,M,P,E,R,S,C,D,WHIMPER
M,What's your plan?,I don't know.  I don't want to disappoint her.  I'd hate to see her frown...,"I can't believe my goldfish, Pepto, is so sick.  I want to cry...",3,S,A,D,L,P,E,I,S,P,D,SAD
M,"So, can you make it tonight?",I don't know.  I have to see how late it is after the dentist appointment.,Can you get the hair out of this comb for me?  It's stuck!,5,T,E,E,T,H,E,P,S,D,A,TEETH
E,Are you getting that promotion?,Who knows.  It's like tossing a pebble into the sea.,You guys want some of my salt water taffy or clam chowder?,5,O,C,E,A,N,D,S,H,R,I,OCEAN
E,What's with the weird look?,"My favorite basketball team, the Blazers, just let their coach go...",You should see my new lighter...,4,F,I,R,E,M,O,M,P,E,C,FIRE
H,What's wrong?,Have you ever wondered why you're here on Earth?,Did you guys hear that the robots landed on Mars?,6,P,L,A,N,E,T,W,R,O,Y,PLANET
M,Where are you going for vacation?,We're visiting a bunch of stops on the Oregon Trail.  I can't wait to see the trading posts!,Daniel Boone wore a raccoon skin cap!,3,F,U,R,P,D,O,M,S,Q,X,FUR
M,Does this shirt make me look fat?,I don't know.  What's with the interrogation?  Why don't you go ask someone else?,I've always wanted to be an investigator.  I'm really good at looking into things...,7,I,N,Q,U,I,R,E,O,T,H,INQUIRE
M,I've never seen you like this...,This shoe order we have to fulfill is a giant one.  Those sneakers are in high demand!,"I'm thinking about running a 5K with my 7'1"" boyfriend, but I'm afraid he'll outpace me.",4,T,A,L,L,H,B,S,G,H,P,TALL
M,What was your favorite part?,"I liked the whole movie.  I would say, though, that the main battle scene was pretty epic.",I'm going to run to the store and pick up my pictures.  They should be done being developed by now.,4,F,I,L,M,P,A,Q,U,E,S,FILM
M,What do you think of our new hours?,Meh.  I could care less.  That news comes as no surprise.,Do you think I should add some salt to this lentil soup?  It doesn't really taste like anything...,5,B,L,A,N,D,P,M,S,B,N,BLAND
H,You're just in time...,"Ya.  I was aiming at arriving a bit early.  Terrible traffic, though.  Now I'm just glad I made it!",Do either of you know the objective of this game we're all playing?  Is it just a sales competition?,4,G,O,A,L,P,R,A,M,E,D,GOAL
M,Have you decided yet?,I haven't.  I need to cool off a little bit before I make any rash decisions.,Do you guys need a good refrigerator repair man?  I know a guy...,5,C,H,I,L,L,S,T,J,O,K,CHILL
M,Do you have any idea why?,Probably because you can't even see your hand in front of your face when it's that dark.,I don't like cream in my coffee!,5,B,L,A,C,K,D,R,G,H,T,BLACK
E,"So, what's the verdict?",I think I might have scored just high enough to make it through!,I'm going to get a year long membership to the zoo so I can go any time.  Either of you want in?,4,P,A,S,S,O,I,N,T,S,L,PASS
E,Have any plans this weekend?,I'm thinking about taking the old lady out for a nice steak dinner.,One time my best friend set me up with a guy who was in a band!,4,D,A,T,E,N,M,O,E,S,P,DATE
M,Have you decided yet?,I think we're going to continue the process and see where it leads.,I'm sick of always taking two steps back.  I wish I could just move in the other direction for once!,7,F,O,R,W,A,R,D,E,D,M,FORWARD
E,Is it cold in here or is it just me?,It is!  I think I'm getting a runny nose.  I hope it's not a cold.,Do either of you know of a good plumber?  I can't get my shower to stop leaking!,4,D,R,I,P,O,O,Z,P,S,A,DRIP
E,Do you like my new car?,It looks like you got it raised.  How high is that thing now?,I accidentally got my pencil stuck up on that ledge over there.  Can someone give me a boost?,4,L,I,F,T,A,R,T,H,O,O,LIFT
M,You're late...,The alarm clock wasn't quite loud enough this morning.  I guess I need to be shaken 'til I wake up!,I really hate it when my boyfriend's team scores.  He startles me by yelling every time!!!,4,J,O,L,T,S,H,C,K,M,I,JOLT
M,How about that weather?,The cold makes me hungry for beef stew...,Did you guys know that milk is a great resource for calcium?,3,C,O,W,M,T,L,E,A,N,D,COW
M,Did you catch that myth busting show last night?,"Ya, can you believe that driving while you're angry really uses more gas?","I used to have a dog named Alice, but he went insane.",3,M,A,D,S,R,P,B,O,I,T,MAD
H,How's your day going?,I'm not feeling well.  Does my face look ashen white to you?,"I BBQ'd chicken last night, but it turned out quite burnt...",8,C,H,A,R,C,O,A,L,K,S,CHARCOAL
E,Did you hear the news?,Sounds like he cleared a 40 inch vertical in the draft combine.  Not bad.,Bet you didn't know that kangaroos have pockets!,4,J,U,M,P,P,E,D,M,P,S,JUMP
M,What have you decided?,"I'm just going to make it, myself.  Do you have any glue?  I can't get this photo to stay on here.",My dog loves to chase tree branches and things when I throw them.  It's so cute!,5,S,T,I,C,K,P,U,O,S,M,STICK
M,Tell me what you would do then...,I would do whatever she wanted me to do.  I'm at her mercy.,"My dad left me this watch when he passed away.  I know it's a boy's watch, but it's still cool!",6,W,I,L,L,E,D,A,N,D,I,WILLED
E,Do you mind if I take off my shoes?,That depends.  Are you taking them off to put another pair on?!,Do you guys notice anything different about my hair?,6,C,H,A,N,G,E,S,T,R,D,CHANGE
M,Are you going to let them get away with this?,"Well I can't have them sit in the corner wearing a dunce cap, can I?",I have the ice cream for the birthday party this afternoon.  Do you guys have anything to put it on?,4,C,O,N,E,S,H,A,P,T,P,CONE
M,Can you believe she said that?,I know.  It's like a verbal thrashing!  I feel pretty emotionally beat down after that one.,One time I was punched in the face!,7,C,L,O,B,B,E,R,A,T,S,CLOBBER
M,I can't wait for this Friday!!!,"I've always wanted to see those old wagon ruts.  Crazy how old they are, ya?",My best friend and I found a great trail for speed walking.  Have you been out back by the creek?,5,T,R,A,C,K,S,O,U,N,D,TRACK
H,What's your favorite Superhero trait?,I'm not sure.  I know it'd be pretty awesome to shoot lasers out of my eye balls.,Hey!  Look how dark my sun tan lines are getting!,4,R,A,Y,S,F,L,I,S,H,T,RAYS
M,Why do you say that?,Well I'm just tired of being overweight and I'm looking to transform my body...,Check out the statue I made out of all the gum I chewed last month!,6,S,C,U,L,P,T,G,O,A,P,SCULPT
M,"So, can you make it tonight?",Probably.  I don't think we've filled up the schedule for the evening.,I bet you can't get the lid off of this bottle!,4,O,P,E,N,U,M,E,D,S,F,OPEN
M,You're late...,Wow!  Calm down.  What's got you in such a bad mood?!,I'm allergic to shellfish.  It makes me break out into a really bad rash.,4,C,R,A,B,N,Y,Q,U,I,A,CRAB
H,Do you like to party?,Totally.  I go dancing every Friday night.  DJ Cool Pants is my favorite!,I used to be a member of an organization that raised and took care of sick farm animals.,4,C,L,U,B,D,A,N,C,E,D,CLUB
E,Say that again...,My dad was a mariner when he was younger.  He always got seasick so he had to change professions.,"John has the dirtiest mouth.  He was swearing up storm in there!  We're not at sea, you know.",6,S,A,I,L,O,R,T,U,D,H,SAILOR
E,Did you hear the news?,Ya!  The ballot passed!  Our opinions actually mattered!,Did you see the ¡°Reality Stars¡± episode last night?  I would have picked someone else to go home.,4,V,O,T,E,E,L,E,C,T,P,VOTE
M,What's wrong?,I forgot to put the cover sheet on the TPS report and now I have to come in on Saturday.,"This Sunday, my cousin is dancing in the Volga German Beet Festival!",7,W,E,E,K,E,N,D,P,A,M,WEEKEND
M,How's your day going?,So far so good!  Check out the picture for the booklet on my new CD.,Have either of you seen the lid for my lasagna Tupperware?,5,C,O,V,E,R,M,H,P,W,T,COVER
M,Are you getting that promotion?,"Probably, but it'll be tough.  The test was super difficult.",One time I fell down the concrete stairs and hit my head.  It didn't even hurt!,4,H,A,R,D,T,O,U,G,H,S,HARD
M,Do these pants make me look fat?,Kind of.  I suggest perhaps wearing sweatpants next time.  The stretchy waist would help with that.,I used to play the trombone in an ensemble back in high school.,4,B,A,N,D,S,T,R,P,T,H,BAND
M,Did you catch that myth busting show last night?,I did!  Who knew a bull would be so careful in a China shop?!,My neighbor and I went thrift shopping at the flea market yesterday!,5,S,T,O,R,E,P,L,D,A,K,STORE
H,What did you do this weekend? ,All that crashing thunder and incessant lightning kept us doing chores and playing games indoors.,I believe I deserve some applause.  This is the 3rd straight day I've not eaten any candy!,4,C,L,A,P,D,E,N,N,F,T,CLAP
E,How's your day going?,Pretty good!  I just had vanilla ice cream in root beer.  Have you ever had that?,I get to ride in the parade this year!,5,F,L,O,A,T,B,M,E,T,R,FLOAT
E,What's your plan?,I'm hoping to save some money by swapping out my card for paper.,I need a nickel...I'm 5 cents short and I want some Boston Baked Beans from the vending machine.,4,C,A,S,H,M,O,N,E,Y,R,CASH
M,Did you hear the news?,No.  I've been busy with this game on my phone.,I saw a live show this weekend at the old theater.,4,P,L,A,Y,S,D,N,M,A,M,PLAY
M,Can I borrow a notepad?,It's a little soggy because I spilled some coffee on it.  Do you still want it?,I had a basset hound when I was a little kid.  It had the cutest ears!  They were so droopy!,6,F,L,O,P,P,Y,L,I,M,E,FLOPPY
H,Tell me what you would do then.,I suppose I would use the outhouse.  I just really hate those things.,I want to do a purification diet to get rid of all of my chemical impurities.  Know of a good one?,7,E,X,C,R,E,T,E,S,L,K,EXCRETE
M,Can you smell that?,Ya.  It looks like we're going to have to throw the rest away!,I was an actress in a play that taught students to not drink and drive!  It's hard to act drunk!,6,W,A,S,T,E,D,T,N,L,E,WASTED
E,Why are you so happy?,I finally paid off my truck!,Have you guys seen the movie Cars?,4,A,U,T,O,T,A,O,N,N,S,AUTO
H,Are you going to the party tonight?,"Ya, I'm going to wear my sequin shirt and my bell bottoms.",Have you guys ever seen one of those spinning balls that bounce light all over the room?,5,D,I,S,C,O,A,N,P,Y,N,DISCO
E,What did you do this weekend? ,We're marathon-ing that new drama you were talking about.,On my yearly trip we also saw a play on Broadway!,4,S,H,O,W,P,F,S,H,E,A,SHOW
M,Are you going to the party tonight?,Are they going to play rock music there?  It's so loud!,I just found a pebble in my shoe!!,5,S,T,O,N,E,L,F,R,A,M,STONE
E,"So, can you make it tonight?","No, I still have to install those cobblestones out front.",That reminds me of this one time when I strayed off of the ¡°straight and narrow¡±...,4,P,A,T,H,L,E,L,D,S,A,PATH
H,How's the family?,"Good, but my wife keeps nagging me to put my dirty clothes in the basket instead of on the floor.",Do you guys think my age is holding me back from a promotion?,6,H,A,M,P,E,R,T,S,C,O,HAMPER
E,Have you decided yet?,I'm not sure.  I think we'll either go with birch or evergreen.,Do you guys know your family lineage?  I think I'm a mix of everything!,4,T,R,E,E,L,A,F,D,O,G,TREE
M,Do you know what that means?,I know what he's saying is right.  I guess I just can't handle it or perhaps I simply wasn't ready.,Did you know that 20% of tuxedo rentals take place in May?  It's a fact!,5,T,R,U,T,H,O,N,E,Z,O,TRUTH
M,Does this shirt make me look fat?,"Haha.  I'm not sure it's the shirt.  Been raiding the cupboards, have we?!",Does anyone know how to humanely get rid of mice?  They got in my food stores last night.,6,P,A,N,T,R,Y,G,G,E,D,PANTRY
M,You're just in time...,Don't act so surprised!  I've been on time before!,Have either of you been electrocuted before?  I have.  It's painful!,7,S,H,O,C,K,E,D,G,A,L,SHOCKED
E,Have any plans this weekend?,"Ya, we're going to take the boat out on the river this weekend.",I'm going to set up my lawn chair and kiddie pool in the front yard!,5,W,A,T,E,R,L,P,S,Q,U,WATER
M,Why are you so happy?,Today we signed mortgage papers on a Victorian era home downtown.  It's incredible!,That reminds me...can I borrow five dollars?,4,L,O,A,N,P,O,R,F,S,S,LOAN
H,How's your day going?,Better than my dad's!  He can't walk without assistance now.,Oh ya!  Do you guys want a striped candy hook?,4,C,A,N,E,W,J,T,K,Z,N,CANE
M,What's new?,I had to buy a new charger for my phone.  The Rottweiler ruined the old one.,Are you able to lift a 50lb basset hound?,5,P,O,W,E,R,T,S,D,W,B,POWER
M,What's your plan?,The plan is to stay as alert as possible and see if I notice anything unusual.,"Wow, you gentlemen are looking dapper today!",5,S,H,A,R,P,I,O,T,M,B,SHARP
M,Where are you going for lunch?,I brought salad.  I'm feeling a little fat after all of the fried food we ate yesterday.,"My engine is running a little rough in my Ford.  It probably needs oil, right?",6,G,R,E,A,S,E,L,I,C,K,GREASE
M,I've never seen you like this...,This caffeine has me feelin' quite vibrant!,Have you two met my new boyfriend?  He's so lively and passionate.  He plays the classical guitar!,8,S,P,I,R,I,T,E,D,H,K,SPIRITED
M,Why did you do this?!!,Yikes!  No need to yell.  Oh!  You have your headphones in.  I thought you were mad at me.,Have you heard a lion roar out on safari?  I have.  It's majestic.,6,B,E,L,L,O,W,Y,M,H,P,BELLOW
E,Why is it that I can't seem to stay focused today?,Maybe the boss is going too easy on you.  He's been particularly pleasant these last few days...,Have I ever told you how delightful my boyfriend is?  He's practically the kindest man on earth!!,4,N,I,C,E,K,B,W,K,L,L,NICE
H,Do you know how to play Tic Tac Toe?,"I get the x's and o's, but I don't really have a strategy to keep someone from getting 3 in a row.",I lost the piece of wood that was propping up the right side of my desk.  Do you know where it is?,5,B,L,O,C,K,W,O,D,H,R,BLOCK
E,Do you like to party?,"Not really.  Ever since I met my wife, I've had no need to go out.  I only did it to pick up girls.","On my childhood farm, we raised baby chickens!  They were by far the cutest baby farm animals.",6,C,H,I,C,K,S,L,A,D,Y,CHICKS
M,I've been thinking about getting a different job...,Have you formerly announced it to anyone?,I've decided to go to college this fall.  Feel free to tell anyone you want!,7,D,E,C,L,A,R,E,I,E,S,DECLARE
H,Do you like my new car?,It looks pretty low to the ground.  Does it hug the road well around turns?,"I'm trying to start one of those trendy, viral sayings, but it's hard to get it to stick.",8,T,R,A,C,T,I,O,N,G,W,TRACTION
E,What's stopping you?,"I just haven't amassed enough evidence.  Once I have it, I'll definitely move forward!",Can you guys wait to go to the meeting until I'm done collecting my things?,6,G,A,T,H,E,R,B,R,S,V,GATHER
E,Why do you say that?,I've just never thought about smelling roses.,Check out these pictures of my dog Daisy!,6,F,L,O,W,E,R,P,R,S,I,FLOWER
E,What's with the weird look?,Bill just told me that we're moving our office to the other side of town.,How does my phone know where I am at all times?,8,L,O,C,A,T,I,O,N,S,L,LOCATION
H,How much were your commissions yesterday?,Enough to get a gallon of chocolate peanut butter ice cream after work!,"Do you guys know why people say, ""say cheese"" when they take a picture?",5,D,A,I,R,Y,M,L,R,E,O,DAIRY
H,What's new?,I splurged and bought myself some new cooking utensils for Father's Day.,Have you guys ever seen my whittled animal creature collection?,5,K,N,I,F,E,S,T,R,A,I,KNIFE
M,"So, what's the verdict?",I'd say one more day out in the sun and I should be pretty dark.,What would guys call this yellowish-brown purse?,3,T,A,N,N,E,O,B,V,W,P,TAN
M,How about that weather?,It's so snowy out there!  I almost got in a wreck on my way to work!!,One time I saw two different purse thieves accidentally collide into each other at the mall!,5,C,R,A,S,H,B,U,M,N,D,CRASH
M,How far would you be willing to go?,I would do just about anything to bring some organization to this mess!,Oh ya!  What do you guys want from the Mexican food place for lunch?,5,O,R,D,E,R,Y,H,S,P,E,ORDER
E,Are you going to the party tonight?,I'm not a big fan of beach volleyball.  I always get that stuff in my shoes.,"That reminds me, I got a new hourglass!",4,S,A,N,D,S,E,R,X,C,H,SAND
H,Do you know what that means?,It means I get to take the holiday off and be with my family!,I happened to notice that both of you forgot to wear casual clothes today.  Should I go change?,7,O,B,S,E,R,V,E,I,W,S,OBSERVE
E,Do you mind if I take off my shoes?,Didn't you run to work?  Aren't your feet all sweaty?,"Have either of you guys tried that new workout craze, yoga?  That is new, right?",8,E,X,E,R,C,I,S,E,V,P,EXERCISE
E,"Wow, that's mean!",Well I don't think he does!  Do you think he takes a bath every day?,"When I was walking to the bus stop, I saw a guy soaping up his old rusty van.  Who cleans rust? ",4,W,A,S,H,C,L,E,A,N,S,WASH
H,What's new?,"The wife gave me a Folex for my birthday.  Good enough, I suppose!","Right now, I'm currently about 139 lbs!",7,P,R,E,S,E,N,T,D,E,T,PRESENT
M,How much were your commissions last week?,I didn't make any!  I couldn't even give it away for free!,Like my new dress?  I got it for 25% off at the local thrift store yesterday.,8,D,I,S,C,O,U,N,T,N,I,DISCOUNT
M,Did you catch that myth busting show last night?,"Ya, but I still think that the moon landing was a hoax!",I bet you never knew Abraham Lincoln couldn't tell the truth?,3,L,I,E,C,K,G,H,A,S,R,LIE
E,When is that fair they're having?,Who cares!  I want to go to the driving range and hit some balls after work.,You guys want to see the list of things I want to do before I die?,6,B,U,C,K,E,T,P,L,R,E,BUCKET
E,Did you hear the news?,I know!  I can't believe mortgage rates are so low!  We're thinking about buying.,Want to see some pictures of what I made out of gingerbread for Christmas?,5,H,O,U,S,E,S,P,I,H,O,HOUSE
E,What's the latest with your band?,"The sun has set on that one.  Unfortunately, I think that the band is going to call it quits.",Do you guys want one of the stickers I have that glow when the lights turn off?,4,D,A,R,K,N,I,G,H,T,W,DARK
M,What was your least favorite part?,It was just so stinking loud!  I was hoping for a little more peace and quiet.,I'm sorry for being so worked up earlier today.  I've calmed down.  It was just a rough morning.,8,T,R,A,N,Q,U,I,L,S,O,TRANQUIL
M,Can I tell you something?,"Let me guess, that new intern has bewitched you.  She's beautiful!",My boyfriend held the door open for me one time.  He sure can charm.,7,E,N,C,H,A,N,T,E,D,L,ENCHANT
H,Should I run to the store at lunch?,That would be super helpful!  I'll return the favor tomorrow so you can work through lunch.,"My boyfriend is going to buy a house, but he wants me to sign for it.  Does that mean I own it?",4,D,E,E,D,N,T,S,C,R,M,DEED
E,Do you have any other options?,I could always wear my sunglasses.  Haha...just kidding...,I heard a funny one the other day!  Why did the chicken cross the road?...,4,J,O,K,E,S,I,L,L,U,Y,JOKE
H,I've never seen you like that...,"If I were a dog, I would have wagged my tail! ",Did you know that hummingbirds can flutter their wings at up to 90 times per second?,7,F,L,A,P,P,E,D,W,I,G,FLAPPED
M,Are you going to let her do it?,"She plays that thing like an angel on a cloud - but if she wants to give it up, that's her decision.","Not to patronize, but how many times have I told you two to refill the paper tray when it's empty!",4,H,A,R,P,Q,U,N,E,D,S,HARP
M,What was your least favorite part?,It was exhausting.  I've never been so tired after a day at the zoo.  I must be getting old.,I can't get this jar open.  Can one of you strong men help me?,8,E,X,E,R,T,I,O,N,F,F,EXERTION
E,Tell me what you would do then...,"I would make the kids take out the trash, vacuum, and fold all the laundry.  That way I could relax!","I don't mean to be bossy, but I gave you that list of things I needed done and you didn't do them.",6,C,H,O,R,E,S,E,D,L,P,CHORES
H,When is that fair they're having?,"I don't know when, but I know it's going to be out on that concrete area out back...",Yesterday I tried the new tea house with the beautiful covered area to sit outside!,5,P,A,T,I,O,B,B,Y,U,N,PATIO
M,What's wrong?,"Doesn't it bother you that you can't hear the ""k"" in the word ""knuckle""?",I bet you'll never guess what my first job was out of high school!  A circus mime!!,6,S,I,L,E,N,T,R,R,T,H,SILENT
e,What's the latest with your band?,I just wrote a super addicting chorus for a new song that I think everyone is really going to love.,I want to dress up like the captain on Peter Pan for Halloween...,4,H,O,O,K,S,H,T,O,R,U,HOOK
H,When is that fair they're having?,"Not sure, but I hope they have fresh peaches again - only this time I'll try not to chip my tooth.",I can't believe I forgot my deodorant again!,4,P,I,T,S,S,E,R,J,G,H,PITS
h,Where are you going for vacation?,"The wife and I are taking a second honeymoon to Hawaii, since she was sick on our first one.","I have like 4 pills I have to take with breakfast, 2 with lunch, and 3 more with dinner...",7,I,L,L,N,E,S,S,E,G,C,ILLNESS
e,What's your favorite Superhero trait?,I think being able to run at light speed would be quite peachy.,I'm kind of in the mood for some applesauce right now!,5,F,R,U,I,T,P,L,N,S,E,FRUIT
M,Can you smell that?,That smells fresh!,Is this banana too brown?,4,R,I,P,E,P,G,D,N,E,T,RIPE
H,How far would you be willing to go?,Let's just say I brought an extra pair in case I can't hold it.,Is it weird if I wear you-know-what's over my Depends?,6,U,N,D,I,E,S,P,A,N,T,UNDIES
M,What's stopping you?,I just hate causing someone I love to get hurt.,Can you believe how painful it is when you cut your toenails too short?  I hate it when I do that.,4,H,A,R,M,W,O,M,W,P,D,HARM
M,Where are you going for lunch?,"Honestly, wherever you want to go.  I don't want to ruffle any feathers.","The boss is mad at me, again.  Any ideas on how to pacify her?",7,P,L,A,C,A,T,E,S,H,R,PLACATE
E,Can you believe that?!,"Not really.  I know it's supposed to be based on a true story, but it's just so far fetched.",A romance novel I once read was set in the jungles of Brazil.  It was about...,4,B,O,O,K,P,A,G,W,R,T,BOOK
H,What's stopping you?,I can't get this stupid computer to turn on!  It's so frustrating!,Can one of you guys cover for me tomorrow?  I won't be in.,4,W,O,R,K,H,A,D,M,E,L,WORK
M,Do you mind if I take off my shoes?,"If you do, you'll be in a heap of trouble.  I don't think we're allowed to do that anymore...",Did you see the boxes I had to pile up over there? ,5,M,O,U,N,D,Y,U,I,X,C,MOUND
M,What was your least favorite part?,The smell.  I have no idea why hot bark dust has to smell so bad.  Gardening is not for me.,"Can you believe that they don't have a compost pile out here?  We eat a lot of fruit here, you know.",5,M,U,L,C,H,G,A,R,D,E,MULCH
M,Should I run to the store at lunch?,Yes.  That's one of your assignments for the afternoon.  Be back in 2 hours.,I went to Africa with my church group to build an orphanage last year.  I love those kinds of trips.,8,M,I,S,S,I,O,N,S,V,E,MISSIONS
E,What did you learn last night?,I learned how to do a roundhouse to the face.,Did one of you guys just punt this small football over the cubicle?  Not funny!,4,K,I,C,K,G,R,O,W,V,E,KICK
H,Do you have any other options?,"There are all kinds of charities I could give to, but I really like this one. ",Have you guys tried the new fish taco place?  It's super good.  I'm practically a regular.,6,P,A,T,R,O,N,D,A,D,Y,PATRON
E,How far would you be willing to go?,I'd be willing to risk ruining it to get the ketchup out.,I've been dabbling in refinishing wood products lately...,5,S,T,A,I,N,R,E,D,A,S,STAIN
H,Have you decided yet?,I'm going to get a thermos with a lid so the coffee won't get all over everything if I drop it.,I had to bring in this pillow to sit on because I tripped and fell last night as I was dusting.,5,S,P,I,L,L,M,O,B,F,D,SPILL
M,How many fingers am I holding up?,I barely smacked my head on my desk.  My vision is fine.,Do either of you know why camels have humps?,4,B,U,M,P,Z,Z,D,G,M,P,BUMP
M,Can you believe that?!,"I suppose so.  I mean, people have been believing it for thousands of years.","I don't know what will come of my lottery ticket purchase, but I bought it anyways!",5,F,A,I,T,H,B,E,L,V,M,FAITH
E,Why do you say that?,It just sounds like the phone is off the hook.,"Oh ya, I wanted to apologize if I sounded angry earlier.",4,T,O,N,E,Q,A,L,F,B,I,TONE
E,What did you think about the party?,The clown totally spooked the kids!,One time I was going to go sky diving but I totally chickened out.,4,F,E,A,R,E,D,G,H,I,L,FEAR
h,Why are you so happy?,I've lost 25lbs now on the Slow Carb diet.,We went to the drag races last night and saw some super fast cars.  Sub 7 second runs!!,4,P,A,C,E,N,B,I,Z,L,L,PACE
E,What is it?,Is your disposable water bottle recyclable?,"I used to be a bagger at the grocery store!  See, watch...",7,P,L,A,S,T,I,C,P,R,B,PLASTIC
H,Can you believe that?!,I know.  The missile can lock into its target from over 2 miles away.  That's pretty impressive.,I've narrowed down my list of potential new kittens to these 34 cats.  Check out the pictures...,5,H,O,N,E,D,S,E,K,D,T,HONED
M,Is that new? ,It's not my first one.  I couldn't even tell you how many I've had.,Did you guys see the preview for the new Dracula movie?,5,C,O,U,N,T,M,B,R,S,D,COUNT
e,What's the latest with your band?,We're playing for a Sweet 16 party next week.  You should crash it!,I turn 42 in 4 and a half months!,8,B,I,R,T,H,D,A,Y,A,D,BIRTHDAY
H,How far would you be willing to go?,I suppose I'd be willing to see if he answers the door.,"One time, when I was just waking up, I tripped and hit my head.  I didn't wake up for 2 hours...",5,K,N,O,C,K,D,O,O,R,E,KNOCK
M,Are you going to let them get away with this?,"They're a special kind of filthy slime, but they'll get what's coming to them.",Guys - it's wet and muddy outside.  Which one of you forgot to wipe your feet?,6,S,L,U,D,G,E,P,M,N,B,SLUDGE
M,Can I ask you a question?,About household budgets?  Just know it gets super hard when the kids come!,My aunt and uncle are going to be here for the holidays!  She's a cellist.,6,F,A,M,I,L,Y,C,H,D,R,FAMILY
E,Why is it that I can't seem to stay focused today?,Perhaps it has to do with that sleep quality case study that you've been a part of.  Do you think?,I'm going to go and try to get my drivers license renewed today!  I hope I pass!,4,T,E,S,T,R,I,A,L,U,O,TEST
H,Do you like to party?,"I kind of get anxiety in large groups.  Nothing to worry about, I suppose - but they set me on edge.",Are they going to run the lights and siren during the fire drill like they normally do?,5,A,L,A,R,M,N,O,I,S,L,ALARM
e,How about that weather?,I think that I'll probably need my rain jacket when I go out there.,Have you guys seen my new red and black flannel? ,4,C,O,A,T,G,W,E,K,O,U,COAT
h,What's wrong?,That was really offensive when she called me fat.,"Well, I sprained my finger one time when I was playing the flute.",4,P,A,I,N,R,T,H,P,S,K,PAIN
M,Are you getting that promotion?,The boss hog said that I'll be in the running!  I hope I get it.,"I don't mean to squeal, but I can't help it!  I'm pigging out over here.   This bacon is amazing!",4,P,O,R,K,M,E,T,D,I,W,PORK
M,How's the family?,They're getting through it.  The youngest is pretty sad.  It was her first gerbil.,"My new hat happens to be navy!  It doesn't match my shoes, though - which is a bummer.",4,B,L,U,E,J,C,K,O,A,G,BLUE
H,Is that new? ,It is.  I got this Looney Tunes box set for the boy for his birthday.,Is my polka music driving you guys crazy?  I can turn it down.,5,B,A,T,T,Y,H,B,R,R,E,BATTY
E,Do you have any idea why?,I don't know!  He just punched me in the face!!!,What time is it?,5,C,L,O,C,K,H,A,N,D,S,CLOCK
E,What was your favorite part?,"Oooh!  Come over here, I'll show you the excerpt online.",Do you guys mind if I cut my toenails?  They're getting super long...,4,C,L,I,P,M,B,R,U,S,H,CLIP
M,Say that again...,I said that it looks like they're going to have us move our desks again.  They're always doing that!,Did one of you guys forget your briefcase over by my desk?  I have no idea where this came from.,8,P,O,R,T,A,B,L,E,W,M,PORTABLE
M,Can I borrow a pencil?,"It's been used all the way down to a splinter, but sure.  You might get some use out of it!",I think I have a sliver in my finger.  I need tweezers?,5,S,H,A,R,D,E,R,N,N,L,SHARD
H,Do you like to party?,I just get all choked up and can't talk to people when there's a large group - so not really.,There's ice cream if you would like some before I put it away.  Act fast.  I don't want it to melt!,6,F,R,O,Z,E,N,C,L,D,S,FROZEN
E,What have you decided?,I'm going to wait until I get home to open it up.  We rarely get these kinds of things in the mail.,"My new boyfriend has charm, money, and an appetite for my cooking!  He's so complete!",7,P,A,C,K,A,G,E,S,H,O,PACKAGE
e,Why are you so happy?,"The sun is shining, the blue jays are chirping, and it's a great day to be alive!!",I had chickens growing up!,5,B,I,R,D,S,C,R,W,T,I,BIRDS
h,What did you think about it?,I can't believe that the rat actually made it all the way through the maze!,"Guys, my dog does the funniest tricks.",7,A,N,I,M,A,L,S,O,B,W,ANIMALS
m,Where are you going for vacation?,I think I'm going to hang around the house and check some items off of my honey-do list.,My brother is a contractor who is a jack of all trades - but definitely a master of none.,8,H,A,N,D,Y,M,A,N,I,Y,HANDYMAN
H,When is that fair they're having?,It's after work.  Aren't they holding it on the 100th floor?,"When my boyfriend tried to escape prison, the guard on top of the gate shot him with a bean bag.",5,T,O,W,E,R,S,H,T,R,W,TOWER
H,Do you mind if I take off my shoes?,I suppose you're going to anyways.  You might as well.,Did you know that kangaroos have pouches?  I wonder if it makes hopping hard...,5,B,O,U,N,D,S,R,J,P,H,BOUND
M,Are you going to let him get away with this?,No.  I definitely got him back.  He'll never do that again for as long as I work here.,Have you guys received your checks yet?  I'd like to get that money back that I loaned you.,7,P,A,Y,B,A,C,K,M,O,O,PAYBACK
E,Can you help me with that?,I don't know anything about hot tubs or how to fix those jets.  You'll have to call a pro.,"Do you guys know if there is a spout outside.  I know we're at work, but I need to wash my car.",6,N,O,Z,Z,L,E,C,K,S,T,NOZZLE
E,Say that again...,Can you hang onto this for me?  I have some errands I have to run and I don't want it to get stolen.,The music they play while you're waiting on the phone is terrible!  Hopefully someone picks up soon...,4,H,O,L,D,S,C,B,W,R,K,HOLD
M,Can you send me that link again?,I sent you a bunch of links.  What was the site about so that I can reduce the options down a bit?,I dropped something behind my desk and I can't reach it because it's such a slim fit...,6,N,A,R,R,O,W,J,O,K,S,NARROW
M,Do you ever gamble?,"Once, when I was in my 20's, I lost everything from gambling.  The creditors even took my vehicle!",My back just froze up!  Do either of you have a heat pack at your desk?,6,S,E,I,Z,E,D,T,A,K,N,SEIZED
H,I've never seen you like this...,Ya.  I'm anxiously awaiting that package from China.  Those things take forever.,Have you seen the new Mailroom Clerk?  Would one of you give him this secret admirer letter from me?,6,P,A,R,C,E,L,K,A,G,S,PARCEL
M,Is it hot in here or is it just me?,Yes!  I'm perspiring like I just finished running a marathon!,Can you guys see my pit stains on this shirt?  I tried a new method for getting them out.,5,S,W,E,A,T,N,D,L,L,W,SWEAT
e,What's your favorite Superhero trait?,"Well, with the ability to transport, I'd never have to sit in traffic on the way to work again!",My bus has 15 stops to and from here.  It gives me time to trim my toenails.,7,C,O,M,M,U,T,E,S,D,O,COMMUTE
e,How much were your commissions last month?,About as much as a lawn mowing company makes on a snowy day.,Is it true that football players sometimes catch pneumonia by taking ice baths?,4,C,O,L,D,S,B,T,E,D,N,COLD
H,"So, can you make it tonight?","What, do you think I'm lying?!  I really do have to wash my hair!",Check out this blanket I just knitted!,4,Y,A,R,N,B,K,N,I,T,S,YARN
e,What's with the weird look?,My stomach has been a mess since I ate that burrito.,Did you guys know Apple has a new iPhone out?,4,F,O,O,D,F,R,S,I,B,N,FOOD
h,Where are you going for vacation?,We're planning on taking an Alaskan cruise!  The kids are really hoping to see polar bears.,"One time, I went on a Safari and a lion was 5 feet from our Jeep!",8,W,I,L,D,L,I,F,E,S,M,WILDLIFE
m,Have any plans this weekend?,I'm probably going to try to get some rest.,Have you guys ever heard of Mexican Siestas?,5,S,L,E,E,P,F,E,N,A,X,SLEEP
e,What's wrong?,Do you smell that?  Somebody must have eaten too many beans!!,That reminds me - I'm late because I ran out of fuel on the way here and had to get towed.,3,G,A,S,V,D,L,Y,E,I,B,GAS
M,How's your day going?,Good!  Want some raisins?,Look how weird my fingers still are from my long shower this morning!,8,W,R,I,N,K,L,E,S,C,D,WRINKLES
H,What have you decided?,"I don't want to get in trouble.  So, I'm going to stop making fun of her to her face.",I don't mean to be a tease.  Is this lipstick too red? ,4,J,E,S,T,F,U,N,A,T,W,JEST
M,Is that new? ,Ya.  It's for my sore throat.  Hopefully I'll be better soon.,When I was a little girl...I always had to go draw my own water no matter what the weather was like!,4,W,E,L,L,T,A,X,R,I,R,WELL
M,Tell me what you would do then...,"Whatever helps me stand out from the crowd.  I want to radiate hard working and reliable, you know?",Can you close those blinds?  It's so bright that I can't see.,5,S,H,I,N,E,B,R,I,G,H,SHINE
M,Does this shirt make me look fat?,"I don't want to be mean, so I'm going to just keep my mouth shut.",I bet it's offensive when NBA players call each other names and talk about each other's mothers...,6,I,N,S,U,L,T,D,J,K,E,INSULT
H,You're late...,I was going to be on time but I just couldn't get myself to leave my man cave this morning.,There's a bird that made a home in the side of my stucco house.  I didn't know they did that. ,4,L,A,I,R,C,V,H,D,W,B,LAIR
M,What was your favorite part?,I hated it.  I just pushed through it and tried not to think about it.  You're going next time.,I grew up on a farm.  My dad used to let me drive the machines that till up the ground.,4,P,L,O,W,E,R,S,T,Y,D,PLOW
H,Should I run to the store at lunch?,Ya - and I'm going to go for a run.  I bet I can do one trip around the block before you get back!,My cat loves it when I hold her while I sit and read at night.  Isn't that cute?,3,L,A,P,T,R,I,O,O,S,N,LAP
E,Why is it that I can't seem to stay focused today?,Not sure.  Can I have a slice of that pizza?  I'm starving and I forgot my lunch.,Anybody want a stick of my gum?,5,P,I,E,C,E,W,K,P,D,O,PIECE
H,Do you know how to play chess?,"A little, but I don't know all of the moves.  I just play street chess...and yes I made that up.",I love how many pairs of shoes I have now!  It's like I have multiple options for every outfit!,7,V,A,R,I,E,T,Y,O,P,N,VARIETY
H,Do you know what that means?,It means she's going to be using my fitness equipment as something to hang her clothes on.,My uncle says I'm the best at setting up the pool table.  Have you ever played pool?,4,R,A,C,K,T,B,L,O,O,D,RACK
H,"So, what's the verdict?",Let's just say she's done no wrong.  She couldn't be bad even if she wanted to.,Do you guys want to try my dill and lime quinoa salad?  It's delicious!,4,G,O,O,D,H,R,U,S,E,P,GOOD
M,"So, can you make it tonight?",I'm not going to.  The wife is making her special recipe!  Nobody can pass up country cooking!,Look at these rooster towels I embroidered!,8,H,O,M,E,M,A,D,E,T,N,HOMEMADE
M,Why do you say that?,I just don't like Wednesdays.  We're only halfway through the week!,Have you ever seen a camel spit?,4,H,U,M,P,L,E,A,B,D,D,HUMP
m,What did you do this weekend? ,Our friends had a birthday party for their 6 year old.,Check out this silly YouTube video of a baby fainting goat that my niece sent me.,3,K,I,D,Y,L,S,P,W,E,U,KID
M,How about that weather?,It's really nice outside!  I even saw an eagle catch a field mouse on my walk at lunch!,My cat pretends like he's on an African safari and jumps on his toys when they least expect it.,6,P,O,U,N,C,E,T,R,M,P,POUNCE
H,Do you have any idea why?,It beats me.  I've been thinking about what could have possibly happened.,Do you know how the Great Wall of China or Stonehenge were built?,6,W,O,N,D,E,R,I,S,H,Y,WONDER
M,How's the family?,Let's just say that I'm beginning to wonder who is highest on the totem pole...,Have you guys seen the lid to my Tupperware?  I lost it when I went to heat up my casserole.,3,T,O,P,A,I,T,M,C,D,E,TOP
E,Why is it that I can't seem to stay focused today?,The promotion that's coming up is a cause for gladness and celebration but we're stuck working...,I am so happy that my favorite reality TV show is coming back!  I thought they were canceling it...,3,J,O,Y,H,A,P,P,Y,G,D,JOY
M,Can you send me that video again?,"Who knew an 80 year old ex-football player could still have such a physique, huh?","I once had a dog with only 3 legs.  He was otherwise complete, but he was definitely missin' a leg.",4,B,O,D,Y,M,U,S,C,L,E,BODY
H,What was your least favorite part?,"Well, I was aiming for an A and got a C.",Did you mean to send me that email?  I don't like jokes.,6,I,N,T,E,N,T,M,A,N,G,INTENT
HH,Can I tell you something?,Only if it's what our new main product is going to be.  We need something new to carry our company!,My grandfather was an admiral of an entire fleet and had his own boat and crew!,8,F,L,A,G,S,H,I,P,M,O,FLAGSHIP
M,Can you believe she said that?,I can't.  She's a creature like no other.  Who does that?,You guys forgot to ask me if I wanted a breakfast burrito!  Sometimes it's like I don't even exist.,5,B,E,I,N,G,L,O,S,L,W,BEING
M,I can't wait for this Friday!!!,Me either.  We're going to this fancy dinner place that has the most delicious salad toppings!,Do you guys know of a place where I could change my clothes?  I'm going to work out after work.,8,D,R,E,S,S,I,N,G,H,W,DRESSING
M,"Wow, that's mean!",I didn't mean it like that.  I just think celebrating work anniversaries is pointless.,We went to a nice Italian place last night for my boyfriend's birthday.,8,O,C,C,A,S,I,O,N,M,D,OCCASION
M,Do you know any good card games?,Totally!  Here...pass me the deck and I'll deal!,Do you believe in palm readers?  10 years ago I saw one that told me that I'd find a man to marry...,4,H,A,N,D,W,B,J,K,X,E,HAND
M,Do you know what that means?,It means he's going to revoke the decision to let us leave early on Fridays.  Doesn't that stink?!,Am I still allowed to own 5 cats?  Or did the governor throw that bill out?,4,V,E,T,O,R,E,O,K,D,E,VETO
H,Do you like my new car?,I do!  How did your mirror get shattered so soon?  Didn't you just buy it?!,That reminds me!  You guys made a promise that you'd save me some juice!  Why didn't you?!,6,B,R,O,K,E,N,C,R,A,D,BROKEN
H,Where are you going for lunch?,"I could go for a small, tiny, little bit of pizza - if that sounds good to you...",Guess where I'm going after work today!  You have to guess - no clues!!,4,H,I,N,T,C,L,U,R,M,Z,HINT
M,You're just in time...,Ya.  My kids have amassed the largest toy collection ever...took me a long time to clean them up.,Do either of you need pencils?  I've stocked up for awhile and have way too many...,5,H,O,A,R,D,Z,Y,W,B,X,HOARD
M,What was your favorite part?,I'm afraid to say.  I don't want you to make fun of me.,There's a spider on my desk.  Can one of you come help?  Those things terrify me!!,6,C,O,W,A,R,D,F,R,I,D,COWARD
m,How much were your commissions last month?,"I got paid about $3,000 last Friday, but it's all going straight to my credit card bill.","You heard, ¡°Wake up, wake up, wake up, it's the first of the month.?Cash your checks and move on""?",6,P,A,Y,D,A,Y,E,S,G,H,PAYDAY
h,What's the latest with your band?,The Weekly paper actually ran a piece on us last week and then again this week.,"If you want to borrow any National Geographics, just let me know...I have the last 8 monthly issues...",8,P,E,R,I,O,D,I,C,P,R,PERIODIC
M,What's new?,My kids have to start taking the bus to school.,That reminds me!  Have you guys seen ¡°Taxi¡±?,4,R,I,D,E,L,O,Y,T,W,M,RIDE
H,Do you have any idea why?,I don't know.  I think he's trying to waste our time so that he can catch up...,"When I fed my neighbors horses this morning, the barn smelled so bad...",5,S,T,A,L,L,H,E,D,I,P,STALL
H,"So, what's the verdict?","I still can't feel my fingers, but I'm starting to be able to feel my arm.","I have a canker sore...see!  Gross, huh?  Do either of you have anything to make the pain go away?",4,N,U,M,B,T,H,W,A,E,H,NUMB
M,You're late again...,I think I need to reassess my morning routine.  It's hard to work out before work.,The other day I was trying to figure out a new method for preparing egg salad!  Have any recipes?,7,P,R,O,C,E,S,S,T,H,D,PROCESS
M,I've been thinking about getting a different job...,Just when you were getting settled in?  How will you make that happen?,One time my parents actually tried to fix a marriage for me!  Can you believe that?,7,A,R,R,A,N,G,E,S,O,T,ARRANGE
M,Can I ask you a question?,"Do you need me to be a witness in your trial?  I hate going to those places, but I will for you.",I've shot some hoops in my day.  Nothing like the squeak of hardwood under the sneakers!,5,C,O,U,R,T,B,A,L,M,E,COURT
M,What do you think of our new hours?,I wish we had a choice.  I don't like that they just change them and make us alter our whole lives.,Can either of you help me move this filing cabinet?  I don't have the strength to do it myself...,5,F,O,R,C,E,S,U,B,I,D,FORCE
M,"Wow, that's mean!",Well it's not good.  There isn't a single function of this thing that benefits me in the least bit!,My boyfriend always compliments my hair.  Being encouraging is such a good trait to have!,7,F,E,A,T,U,R,E,C,R,U,FEATURE
H,Can you tell her for me?,What?  Are you afraid to go ask her yourself?  Leave it to the brave one...here I go!,One time I went sky diving with a friend of mine.  I wasn't nervous at all!  I love adventure!,8,I,N,T,R,E,P,I,D,H,S,INTREPID
H,Why is it that I can't seem to stay focused today?,You're probably just stressed.  Grab a notebook and make a list of the things you're worried about.,Do you have a pillow or something that I can use to cushion my seat?  How did my chair get so hard!!,3,P,A,D,S,M,B,H,G,B,W,PAD
M,Do you like my new car?,You have a new car?  Let's go outside and have a look?,Have you guys seen my binoculars?  I was going to go bird watching at lunch...but I can't find them! ,4,V,I,E,W,M,A,P,P,D,S,VIEW
M,I've never seen you like this...,I'm on the edge right now.  I can't stand how tough work is getting these days.,How do I calculate a perimeter?  I need to see how much material I need for the binding on my quilt.,6,B,O,R,D,E,R,H,F,A,T,BORDER
HH,Can I tell you something?,"What, you're going to make fun of how I chew with my mouth open?  I was raised by wolves, ok?!",Rose was laughing and saying that my new shoes look weird with this shirt.,4,J,E,E,R,I,N,S,U,L,T,JEER
H,What do you think of our new hours?,I felt like I was hanging on by a thread.  I'm glad that we finally know when we work next week.,I've been prohibited from all work related activities for the next week.  I'll see you two later.,7,S,U,S,P,E,N,D,T,L,L,SUSPEND
M,Can you believe she said that?,"I know.  I'll give her a B minus for her delivery, but what she said was true...",I'm re-sloping my front yard because it drains into my basement.  Landscaping is so expensive!,5,G,R,A,D,E,P,M,B,O,L,GRADE
M,I can't wait for this Friday!!!,"It's been awhile since we've been out.  We just want to stir it up a bit in our lives, you know?",I used to make my own butter when we lived on a farm!  Farm life is hard!!,5,C,H,U,R,N,M,I,X,J,U,CHURN
H,Can you send me that link again?,This is becoming annoying.  Can you please just find it yourself?  I have things I have to do.,This puzzle is really trying my patience.  Do you guys know a 2 letter word for ¡°myself¡±?,3,I,R,K,A,N,N,O,Y,T,H,IRK
HH,Can you send me that photo again?,I'm sorry.  I can't.  I'm already clocked out and halfway out the door.,I'm going to whip up a souffl? tonight.  Do either of you want me to bring you some?,5,W,H,I,S,K,T,R,K,E,E,WHISK
M,Say that again...,I said it looks like that snake is ready to strike in that picture.  So scary!!,I'm all twisted up inside.  I can't believe that this is the last season for my favorite show!,4,C,O,I,L,R,H,S,H,W,C,COIL
m,What did you do this weekend? ,I watched the Ducks beat the Beavers by 2 touchdowns.,That reminds me!  The buy-in for our Texas Hold 'Em tournament is $19.,4,G,A,M,E,P,F,T,E,O,U,GAME
h,Where are you going for vacation?,"We're going to road trip from the cideries in Victoria, BC to the wineries in Napa Valley.",My cousin makes moonshine out in his shed.  He has a beard and looks like a cowboy.,7,A,L,C,O,H,O,L,T,R,P,ALCOHOL
m,What is it?,I think I forgot to bring the Pinochle deck.,Can I borrow a stamp?  I have to get this greeting in the mail for my sister's birthday.,5,C,A,R,D,S,B,K,L,N,G,CARDS
M,What's new?,I got a new boat!  I just don't have a way to keep it from floating away!,The news guy had only bad news this morning.,6,A,N,C,H,O,R,S,T,Y,U,ANCHOR
H,Can you believe that?!,I know!  They've practically birthed an entire baseball team!,My favorite show just came back.  It's on after the 8 o'clock news.  You guys should check it out.,4,N,I,N,E,P,L,S,H,M,A,NINE
H,Have you decided yet?,I can't think straight.  My mind is all foggy from the stress.,I think it looks like it's probably going to rain this afternoon!,6,C,L,O,U,D,Y,A,I,R,N,CLOUDY
H,Where are you going for lunch?,I'm going to pass on lunch.  I'm so full from breakfast - look how swollen my stomach is.,Did I fill these balloons up too much?  I don't want them to pop.,5,B,L,O,A,T,S,W,E,S,D,BLOAT
M,Do you have any other options?,"My mind can't even wrap itself around the concept.  So, I don't know where to start.",Can you get this lid off?  I can't get my hands to grip it.,5,G,R,A,S,P,F,I,N,G,D,GRASP
M,How far would you be willing to go?,"I don't know.  It's like we work with a bunch of clowns, jugglers, and tightrope walkers...",Did you know that elephants can be trained to jump through giant hoops?,6,C,I,R,C,U,S,W,N,L,O,CIRCUS
H,How's the family?,Good!  I just got the wife a huge diamond ring!,"That reminds me, I finally figured out how to sharpen my old kitchen knives!",5,S,T,O,N,E,C,K,R,P,A,STONE
h,Did you catch that myth busting show last night?,"I didn't.  It is our favorite, but Johnny had a baseball game that I couldn't miss.",My ex-fiance bought me the shiniest engagement ring...but he asked for it back when we split.,7,D,I,A,M,O,N,D,S,E,C,DIAMOND
m,What's wrong?,My stomach hurts from the three pieces of pie I ate after lunch.,"I like normal milk shakes, but I prefer malted.",7,D,E,S,S,E,R,T,H,R,F,DESSERT
h,What's the latest with your band?,"We're thinking about calling it quits.  Creative differences, you know?",Have you guys ever tried painting by numbers?  It's so hard!,6,A,R,T,I,S,T,F,L,Y,S,ARTIST
m,What is it?,I really wish I was allowed to be one of the participants in the ping pong tournament this year.,My ex boyfriend had like 3 girlfriends when we were dating.,6,P,L,A,Y,E,R,B,Y,U,C,PLAYER
m,What did you do this weekend? ,Our basement flooded Friday night and I spent the whole weekend pumping it out.,Have you ever had popcorn stuck in the back of your throat?  It's so hard to get out!,6,R,E,M,O,V,E,L,P,S,T,REMOVE
HH,What's stopping you?,I just don't want to get in trouble.  I get scolded for the littlest things!,How many times do I have to tell you guys to talk quieter?!  I can't focus!,6,C,H,I,D,E,D,A,N,G,Y,CHIDED
M,Tell me what you would do then...,I suppose I would just use a credit card until I had the money.,Have you ever had a bull run straight at you?  I have before!  It's terrifying!,6,C,H,A,R,G,E,M,B,C,I,CHARGE
M,Do you like my new car?,It seems like you're accumulating quite a few old beat up junkers.,"Wanna see my stamp collection?  I don't have them here, but I have pictures of them on my phone.",5,A,M,A,S,S,B,U,I,L,B,AMASS
H,Do these pants make me look fat?,"I don't want to rain down on you with praises here, but you look like you've lost some weight!",I had to bathe outside under the leaky gutter this morning because my bathroom is broken.,6,S,H,O,W,E,R,B,A,N,Y,SHOWER
H,What's your plan?,This time I'm going to opt for something a lot more comfortable.,"I don't live a lavish lifestyle, but my boyfriend put the most expensive platinum ring on layaway.",5,P,L,U,S,H,A,V,I,W,T,PLUSH
HH,You're just in time...,They gave me the latest iteration of the new item we'll be selling. I couldn't stop playing with it.,Did you know that the change in our cafeteria food was a direct result of all of my complaints? ,7,P,R,O,D,U,C,T,G,O,S,PRODUCT
H,Is that new? ,"It's brand spankin' new!  Absolutely pristine, isn't it?",I just got this flavored red lipstick!  You guys want to smell the cap?,6,C,H,E,R,R,Y,D,D,L,L,CHERRY
M,Do you know what that means?,"I think we're closer to understanding.  Every time we peel off a layer, there's another one waiting.","I would eat fried rice, but I hate scallions.  Now I don't know what to do for lunch.",5,O,N,I,O,N,E,E,D,R,G,ONION
HH,Is it cold in here or is it just me?,It is.  Care to go double or nothing on whether or not Ryan still shows up in flip flops?,I think I'm going to invest the winnings from my lottery ticket into a bunch more tickets.,6,P,A,R,L,A,Y,D,E,D,H,PARLAY
M,I've been thinking about getting a different job...,Are you in a hurry?  How actively are you looking?,"Don't all come at once, but I brought some homemade pecan pie!",4,R,U,S,H,Y,Q,U,I,G,T,RUSH
M,What do you think of our new hours?,"I was looking for more hours, not a cutback.  I suppose I'm happy they didn't cut me.","If you're hungry, I can break off some of this homemade pumpkin bread for you.",5,S,E,V,E,R,B,K,W,Q,U,SEVER
M,Should I run to the store at lunch?,I give up!  Just go...I'll hold down the fort here.,"I got in trouble for not charging that cute guy yesterday.  Now, I can't offer any more discounts.",7,F,O,R,F,E,I,T,L,S,I,FORFEIT
H,"Wow, that's mean!",What?!  It's not like I called her fat!,I dropped my purse 3 times on my way to work this morning.  You'd think it was made out of grease!,4,L,A,R,D,G,H,O,N,M,B,LARD
M,Can I borrow a stapler?,I don't want to get all of my things mixed up with yours.  Can you get your own?,Check out this picture of a braid I did for my daughter's friend.  I even wove in feathers!,8,E,N,T,W,I,N,E,D,Y,S,ENTWINED
H,Can I borrow some paper?,How many trees are you gonna' murder over there?!  How about you use the back of your last piece!,My abs are killing me!  I did crunches for the first time in years this morning.,5,T,R,U,N,K,W,A,E,R,S,TRUNK
H,I can't wait for this Friday!!!,I know!  It's been so long since I've been camping.  I need to get all of my things ready to go!!,I can't seem to fit all of these pens into this mug.  Can one of you two help me out here?,4,P,A,C,K,S,T,E,N,K,L,PACK
m,What's your favorite Superhero trait?,Can you imagine being able to soar with the birds?,I just bought tickets to Hawaii for Christmas - it'll be so much warmer than here!!!,5,F,L,I,G,H,T,P,S,K,O,FLIGHT
H,"So, what's the verdict?",I think she's going to stop saying all of those mean things to me.,I absolutely love to watch pro wrestling!  Have you heard all their trash talking?!  Hilarious!,8,T,A,U,N,T,I,N,G,O,M,TAUNTING
H,Did you hear the news?,Ya.  It looks like the last of our favorite shows was cancelled.,Did you know that the they cut 5 sales positions on Monday?,5,N,I,X,E,D,F,H,E,M,Q,NIXED
H,What have you decided?,"I'm going to send the pizza via mail.  They allow you to send food, don't they?","Have you guys seen the movie ""Titanic""?  It's such a good love story.  It reminds me of...",4,S,H,I,P,D,N,A,R,H,B,SHIP
HH,What was your least favorite part?,"Not to avoid the question, but why don't we talk about something else.",Don't forget about my party tomorrow!  It seems like you're were dodging my emails!,6,E,S,C,H,E,W,H,I,N,T,ESCHEW
H,Can I tell you something?,Don't tell me you asked her out and she said no.  Swing and a miss!  2 more and you're out!,I'm sorry for hitting you so hard on the shoulder earlier.  I was just trying to be playful.,6,S,T,R,I,K,E,H,G,O,O,STRIKE
Hh,Can you believe she said that?,So gross!  Why would we care if her belly button lint stinks?  Seriously?!?!,These glasses make everything a blur.  Do either of you have any cleaner?,4,F,U,Z,Z,X,I,Q,X,M,E,FUZZ
h,Are you going to the party tonight?,I didn't bring the right clothing for a pool party.,"Bob, that's quite the ensemble - are you going to an interview?",4,S,U,I,T,S,H,E,E,R,K,SUIT
Hh,Can you smell that?,It's so stinky!  It's like every sheep in the world on a 95 degree day made into one air freshener!,How much money do you guys make before they take out taxes?,5,G,R,O,S,S,T,S,P,X,R,GROSS
H,Are you getting that promotion?,Probably not.  I didn't get my 40 in last week and they look at that kind of stuff.,Is it 1PM or 2PM?  My watch is broken.,5,H,O,U,R,S,P,W,E,T,A,HOURS
HH ,You're just in time...,I got up about 45 minutes ago and got here on time!  I even had time to make a breakfast burrito!,I had a bagel in my fridge this morning...and carrots!,8,V,I,C,T,U,A,L,S,F,D,VICTUALS
HH,I've been thinking about getting a different job...,Did you look at the job postings online?  Is there anything that looks appealing on the list?,"Have you guys gotten paid yet today?  They usually do direct deposit, but didn't this time.",5,C,H,E,C,K,D,O,L,L,R,CHECK
HH,Can I ask you a question?,Take advantage of the opportunity!  I was just getting ready to head out for lunch.  Make it quick!,"I don't know if it will help any, but I have some free time if either of you need a hand.",5,A,V,A,I,L,P,R,E,S,M,AVAIL
HH,What do you think of our new hours?,"The option to work night shift was a good overture, but I'm going to stick with my current hours.",I propose that we all swap lunches today.  I'm just so tired of bologna sandwiches.,5,O,F,F,E,R,M,O,N,E,Y,OFFER